id,first_name,last_name,email,gender,country
1,Allegra,Fairleigh,afairleigh0@quantcast.com,Female,Indonesia
2,Gillan,Tarquinio,gtarquinio1@nytimes.com,Female,Somalia
3,Nilson,Tefft,ntefft2@spotify.com,Male,China
4,Shaina,Lomb,slomb3@tripod.com,Female,Iraq
5,Ruthy,Milan,rmilan4@dion.ne.jp,Female,Jamaica
6,Laney,Dubbin,ldubbin5@phpbb.com,Female,Serbia
7,Kesley,Brunning,kbrunning6@ezinearticles.com,Female,Palestinian Territory
8,Dee dee,Pruvost,,Female,
9,Bernette,Pluvier,bpluvier8@addtoany.com,Female,Sweden
10,Cecil,Hessenthaler,chessenthaler9@samsung.com,Female,Indonesia
11,Goldina,Urch,gurcha@g.co,Female,Brazil
12,Daveen,Oakshott,doakshottb@barnesandnoble.com,Bigender,Indonesia
13,Abner,Turney,aturneyc@theguardian.com,Male,Saudi Arabia
14,Chicky,Farnorth,,Female,
15,Cornie,Enoksson,cenokssone@theatlantic.com,Female,Madagascar
16,Molly,Penton,mpentonf@squarespace.com,Female,Indonesia
17,Ferdie,Cuseick,fcuseickg@omniture.com,Male,China
18,Ginny,Davidovic,,Female,
19,Marcellina,Tradewell,mtradewelli@google.com.br,Female,Indonesia
20,Alden,Moniker,amonikerj@163.com,Male,China
21,Bruno,McCauley,bmccauleyk@alibaba.com,Male,Philippines
22,Gerick,Torn,gtornl@indiatimes.com,Male,China
23,Duky,Pilmore,dpilmorem@ycombinator.com,Male,Peru
24,Luther,Tollerfield,ltollerfieldn@google.nl,Male,Japan
25,Sephira,Lamblin,,Female,
26,Darlene,Chappel,dchappelp@netvibes.com,Female,United States
27,Andie,McIndrew,amcindrewq@over-blog.com,Female,Uruguay
28,Lyndsey,Hawkwood,lhawkwoodr@is.gd,Female,Spain
29,Xena,Carvill,xcarvills@weibo.com,Female,Indonesia
30,Edwina,Flaonier,eflaoniert@about.me,Female,Ukraine
31,Jany,McCumskay,jmccumskayu@example.com,Female,Argentina
32,Blinny,Needs,,Female,
33,Baxter,Cabbell,bcabbellw@thetimes.co.uk,Male,Brazil
34,Trish,Lunbech,tlunbechx@google.com.hk,Female,Indonesia
35,Nathanael,Castaneda,ncastaneday@hubpages.com,Male,Nigeria
36,Stanford,Pinkney,spinkneyz@merriam-webster.com,Male,Peru
37,Marlowe,Lung,mlung10@noaa.gov,Male,Ukraine
38,Clevie,Caffery,ccaffery11@moonfruit.com,Male,China
39,Genvieve,Tunny,gtunny12@auda.org.au,Female,Sweden
40,Clea,Giannazzi,cgiannazzi13@yandex.ru,Polygender,France
41,Raphaela,Sowman,rsowman14@cnet.com,Female,Russia
42,Mercedes,Fibbitts,mfibbitts15@weibo.com,Female,Norway
43,Manda,Kilby,mkilby16@amazon.de,Female,Nicaragua
44,Deanne,Autin,,Bigender,
45,Humfried,Lehr,,Male,
46,Maxim,Gilderoy,mgilderoy19@freewebs.com,Male,France
47,Tomkin,Greneham,,Male,
48,Teddie,Gudgeon,tgudgeon1b@last.fm,Female,Nigeria
49,Temp,Wybron,twybron1c@rakuten.co.jp,Male,Czech Republic
50,Blair,Ainsworth,bainsworth1d@youtube.com,Bigender,China
51,Giacopo,Surman-Wells,gsurmanwells1e@dedecms.com,Bigender,Portugal
52,Lulu,Adie,ladie1f@hhs.gov,Female,China
53,Julius,Hymers,jhymers1g@chicagotribune.com,Male,Poland
54,Sly,Trevino,strevino1h@dailymail.co.uk,Male,Peru
55,Georgine,Botler,gbotler1i@sina.com.cn,Female,Argentina
56,Maddi,Mapson,mmapson1j@gizmodo.com,Female,China
57,Germaine,Spaxman,gspaxman1k@hc360.com,Male,Portugal
58,Rurik,Feifer,rfeifer1l@youtube.com,Male,Indonesia
59,Elvina,Goozee,egoozee1m@sohu.com,Female,United States
60,Steffie,Stucksbury,sstucksbury1n@techcrunch.com,Non-binary,China
61,Annette,Eddie,aeddie1o@joomla.org,Female,Ivory Coast
62,Hilary,Leppo,hleppo1p@blogger.com,Male,Malaysia
63,Raphaela,Reaveley,rreaveley1q@stumbleupon.com,Female,Russia
64,Thibaud,Wyllt,twyllt1r@ca.gov,Male,Czech Republic
65,Merwyn,Ganiclef,mganiclef1s@amazon.co.uk,Male,Portugal
66,Cybil,Hakking,chakking1t@google.de,Female,Portugal
67,Malchy,Peyton,,Male,
68,Anderea,Immins,aimmins1v@furl.net,Female,Peru
69,Tory,Stenson,tstenson1w@bbb.org,Non-binary,China
70,Krystal,Gifford,kgifford1x@hibu.com,Female,Indonesia
71,Phillida,Gownge,pgownge1y@mlb.com,Non-binary,France
72,Frankie,Neagle,fneagle1z@tripod.com,Male,Yemen
73,Herve,Peeter,hpeeter20@reuters.com,Male,Philippines
74,Paxton,Bilston,pbilston21@cbslocal.com,Male,Belarus
75,Barnebas,Gibke,bgibke22@comsenz.com,Male,Russia
76,Sylvester,Penrice,,Male,
77,Tymon,Brumby,tbrumby24@nasa.gov,Male,France
78,Sargent,Featherstone,sfeatherstone25@miitbeian.gov.cn,Male,Russia
79,Jaime,Swindlehurst,jswindlehurst26@engadget.com,Female,China
80,Aurore,Sword,,Female,
81,Wendeline,Matteotti,wmatteotti28@storify.com,Female,Brazil
82,Lemmy,Tankard,ltankard29@geocities.jp,Male,Portugal
83,Heath,Blankau,hblankau2a@de.vu,Female,Sweden
84,Farand,Eplett,feplett2b@wsj.com,Female,Russia
85,Deeyn,Horwell,dhorwell2c@ezinearticles.com,Agender,Indonesia
86,Lia,Zecchi,lzecchi2d@vistaprint.com,Female,Russia
87,Cate,Haitlie,chaitlie2e@examiner.com,Female,Canada
88,Loutitia,Broggelli,lbroggelli2f@bluehost.com,Female,Brazil
89,Reed,Relf,rrelf2g@microsoft.com,Male,Mexico
90,Gare,Ortes,gortes2h@163.com,Male,Canada
91,Zuzana,Frohock,zfrohock2i@epa.gov,Female,Nigeria
92,Hazlett,Eddicott,heddicott2j@rambler.ru,Male,China
93,Pren,Folca,pfolca2k@google.fr,Genderqueer,Philippines
94,Jeramey,Krol,jkrol2l@twitpic.com,Non-binary,France
95,Alphard,Blanshard,ablanshard2m@is.gd,Male,Belarus
96,Melisande,Chadd,mchadd2n@tripod.com,Female,China
97,Paddy,Jursch,pjursch2o@nasa.gov,Male,China
98,Aldis,Rodda,arodda2p@irs.gov,Male,China
99,Patsy,Huckabe,,Female,
100,Lou,Eskell,,Male,
101,Joete,Rennebach,jrennebach2s@mtv.com,Female,Mexico
102,Lane,Browell,lbrowell2t@ucoz.ru,Female,China
103,Sarajane,Riolfi,sriolfi2u@xing.com,Female,Sweden
104,Nance,Filppetti,nfilppetti2v@domainmarket.com,Female,China
105,Adele,Tabard,atabard2w@rakuten.co.jp,Female,China
106,Urbain,Ace,uace2x@fc2.com,Male,Djibouti
107,Sheela,Phelp,sphelp2y@homestead.com,Female,Madagascar
108,Carita,Battersby,,Female,
109,Edlin,Pere,,Male,
110,Darelle,Ascough,dascough31@wix.com,Female,Croatia
111,Clari,Dabner,cdabner32@cdbaby.com,Agender,Canada
112,Johny,Fryers,jfryers33@omniture.com,Male,Indonesia
113,Lorin,Stutard,lstutard34@businessinsider.com,Male,Poland
114,Vaclav,Matias,vmatias35@noaa.gov,Male,Indonesia
115,Marwin,Rosingdall,mrosingdall36@nyu.edu,Male,France
116,Griffie,Donett,gdonett37@mac.com,Male,Canada
117,Kandy,Hoodlass,,Female,
118,Erroll,Foulis,efoulis39@marketwatch.com,Agender,Czech Republic
119,Caspar,Shirt,cshirt3a@huffingtonpost.com,Male,Egypt
120,Ford,Healeas,fhealeas3b@microsoft.com,Male,Indonesia
121,Vassily,Maeer,vmaeer3c@indiegogo.com,Male,China
122,Lammond,Pittford,lpittford3d@webeden.co.uk,Male,Mali
123,Diena,Raphael,draphael3e@shareasale.com,Female,Serbia
124,Alexandr,Kornas,akornas3f@wikia.com,Male,Burkina Faso
125,Tuesday,Veracruysse,tveracruysse3g@hubpages.com,Agender,Mexico
126,Normy,Liggett,nliggett3h@sohu.com,Male,Botswana
127,Cathy,McCullouch,cmccullouch3i@51.la,Polygender,Canada
128,Conan,Rivett,crivett3j@nyu.edu,Male,France
129,Petr,Oaks,poaks3k@quantcast.com,Male,Russia
130,Enrichetta,Russell,erussell3l@vkontakte.ru,Female,France
131,Millard,Denholm,mdenholm3m@google.de,Male,Argentina
132,Neala,Pirrone,npirrone3n@meetup.com,Female,Greece
133,Pierce,Godley,pgodley3o@paginegialle.it,Male,Russia
134,Lennard,Burrells,lburrells3p@timesonline.co.uk,Male,Brazil
135,Lulita,Schaumaker,lschaumaker3q@wikia.com,Female,Uruguay
136,Lacee,Grover,lgrover3r@arizona.edu,Female,Ukraine
137,Terence,Cantle,tcantle3s@icq.com,Male,Portugal
138,Gael,Joriot,gjoriot3t@kickstarter.com,Male,Brazil
139,Minda,Burrel,mburrel3u@sfgate.com,Female,Guatemala
140,Cyndi,Teal,cteal3v@nyu.edu,Female,Russia
141,Cristie,Lismore,clismore3w@vinaora.com,Female,Burundi
142,Eddy,MacCracken,emaccracken3x@oaic.gov.au,Genderqueer,Angola
143,Creigh,Chater,cchater3y@skyrock.com,Male,Brazil
144,Lefty,Pratt,lpratt3z@utexas.edu,Male,Nicaragua
145,Alvan,Zaniolo,azaniolo40@wikia.com,Male,Philippines
146,Adrienne,Stilgoe,astilgoe41@creativecommons.org,Agender,Indonesia
147,Binnie,Packer,bpacker42@bloomberg.com,Female,Philippines
148,Eba,Willmer,ewillmer43@google.cn,Female,Russia
149,Burgess,Baigrie,bbaigrie44@desdev.cn,Male,Azerbaijan
150,Dukie,Fawthorpe,dfawthorpe45@bloglines.com,Male,Peru
151,Allister,Beyer,abeyer46@reverbnation.com,Male,French Polynesia
152,Graeme,Monshall,,Male,
153,Court,Caghan,ccaghan48@go.com,Male,Portugal
154,Hayward,Teasell,hteasell49@nbcnews.com,Male,China
155,Vlad,Sparsholt,vsparsholt4a@yahoo.com,Male,China
156,Pavlov,Gaine of England,pgaineofengland4b@wiley.com,Male,Palestinian Territory
157,Zondra,Nacci,znacci4c@apple.com,Female,France
158,Gusella,Dove,gdove4d@oaic.gov.au,Female,Portugal
159,Ezekiel,Bullier,ebullier4e@cbsnews.com,Male,Sweden
160,Berkie,Busen,bbusen4f@google.com.hk,Male,Indonesia
161,Trudy,Ezele,,Female,
162,Ruttger,Pennicard,rpennicard4h@merriam-webster.com,Male,Azerbaijan
163,Gearard,Lockner,glockner4i@aboutads.info,Male,Russia
164,Riobard,Desson,rdesson4j@woothemes.com,Male,Sudan
165,Carlos,Michelotti,cmichelotti4k@hc360.com,Male,Philippines
166,Dorie,Kettow,dkettow4l@weibo.com,Genderfluid,Argentina
167,Kala,Ondricek,,Agender,
168,Fifi,Ellif,fellif4n@infoseek.co.jp,Genderfluid,Mongolia
169,Shaun,Dunbabin,sdunbabin4o@japanpost.jp,Female,United States
170,Asher,Suthren,asuthren4p@illinois.edu,Male,Sweden
171,Clemmie,Hellewell,chellewell4q@umich.edu,Genderfluid,Central African Republic
172,Maximo,Jackman,mjackman4r@un.org,Male,China
173,Georgina,Cockshut,gcockshut4s@nytimes.com,Female,China
174,Connor,Trotman,ctrotman4t@163.com,Male,Ukraine
175,Trenna,Lothean,tlothean4u@networksolutions.com,Non-binary,Kenya
176,Ardelle,Brogden,abrogden4v@time.com,Female,Uzbekistan
177,Merlina,Broomer,mbroomer4w@shop-pro.jp,Female,Iran
178,Karee,Hurl,khurl4x@wiley.com,Female,Canada
179,Rex,Lewson,rlewson4y@smh.com.au,Male,Zambia
180,Dan,Simms,dsimms4z@hubpages.com,Genderqueer,Portugal
181,Shoshanna,Penkethman,spenkethman50@123-reg.co.uk,Female,Sweden
182,Analiese,Ties,aties51@adobe.com,Female,Zambia
183,Kippie,Creer,kcreer52@craigslist.org,Female,Czech Republic
184,Myranda,Ventum,mventum53@theatlantic.com,Female,Philippines
185,Nikola,Drover,ndrover54@umich.edu,Male,Philippines
186,Carlo,Dillet,cdillet55@nymag.com,Male,Sweden
187,Brant,Udy,budy56@nytimes.com,Male,Indonesia
188,Shel,McDool,smcdool57@virginia.edu,Female,Nigeria
189,Luca,O'Fihillie,lofihillie58@tumblr.com,Male,Democratic Republic of the Congo
190,Ola,Winning,owinning59@miibeian.gov.cn,Female,Canada
191,Chauncey,Manis,cmanis5a@networkadvertising.org,Male,Canada
192,Travers,Dahmel,tdahmel5b@issuu.com,Male,Nigeria
193,Augustin,Avrahamian,aavrahamian5c@example.com,Male,Peru
194,Nathalie,Dran,ndran5d@va.gov,Female,Bolivia
195,Chicky,Savin,csavin5e@wsj.com,Female,United States
196,Edgar,Wyborn,ewyborn5f@wordpress.com,Male,Israel
197,Carole,Castellani,ccastellani5g@spiegel.de,Female,Vietnam
198,Jervis,Burrass,jburrass5h@seesaa.net,Male,Indonesia
199,Gale,Noller,gnoller5i@cnet.com,Female,South Korea
200,Chelsea,Cavalier,ccavalier5j@reference.com,Female,China
201,Joeann,Crampsy,jcrampsy5k@exblog.jp,Female,Indonesia
202,Lind,Mustchin,lmustchin5l@storify.com,Male,Philippines
203,Willette,Carnegie,,Female,
204,Mickey,Birkenshaw,mbirkenshaw5n@kickstarter.com,Male,Poland
205,Miguelita,Drinnan,mdrinnan5o@amazon.de,Female,Russia
206,Esmaria,Jopp,ejopp5p@printfriendly.com,Bigender,Mauritius
207,Yuma,Dowsing,ydowsing5q@delicious.com,Male,Philippines
208,Jamima,MacCrossan,jmaccrossan5r@plala.or.jp,Female,Poland
209,Carolynn,Fauguel,cfauguel5s@aboutads.info,Female,Nigeria
210,Joelle,Dallicoat,jdallicoat5t@xinhuanet.com,Female,Afghanistan
211,Gar,Giacopini,ggiacopini5u@google.com.au,Male,Slovenia
212,Sinclair,Hawes,shawes5v@stanford.edu,Male,China
213,Ilka,Camsey,icamsey5w@un.org,Female,China
214,Berkly,Schubert,bschubert5x@apache.org,Male,Italy
215,Debby,Negus,dnegus5y@ted.com,Female,United States
216,Nikola,Petrelluzzi,npetrelluzzi5z@wikimedia.org,Male,China
217,Dorelle,Gobbet,dgobbet60@dailymail.co.uk,Female,Peru
218,Nial,Seden,nseden61@google.it,Male,Japan
219,Godfrey,Fealey,,Male,
220,Emmaline,Tapp,etapp63@is.gd,Female,Vietnam
221,Felic,Minogue,fminogue64@example.com,Male,Brazil
222,Adams,Denyukin,adenyukin65@ehow.com,Male,Jordan
223,Benn,Hatchell,,Male,
224,Dolley,Alflat,dalflat67@washington.edu,Female,China
225,Addi,McHugh,amchugh68@xinhuanet.com,Female,Czech Republic
226,Eziechiele,Loudian,eloudian69@prweb.com,Male,Thailand
227,Norrie,Tremmel,ntremmel6a@addtoany.com,Male,Poland
228,Rab,Shearsby,rshearsby6b@fc2.com,Male,Niger
229,Clarette,Ilott,cilott6c@soup.io,Female,Mongolia
230,Christie,Tue,ctue6d@ibm.com,Male,Zimbabwe
231,Chariot,Sawford,,Male,
232,Nicola,Penney,,Male,
233,Taylor,Hovington,thovington6g@bigcartel.com,Male,China
234,Harriet,Probbin,hprobbin6h@salon.com,Genderfluid,Indonesia
235,Austine,Casolla,acasolla6i@comcast.net,Female,Sweden
236,Bradney,Costock,bcostock6j@ustream.tv,Non-binary,Poland
237,Alain,McGilleghole,amcgilleghole6k@cnn.com,Polygender,Brazil
238,Marietta,Roakes,mroakes6l@chron.com,Male,Indonesia
239,Nerta,Rappport,nrappport6m@comcast.net,Female,Estonia
240,Carmelina,Blay,cblay6n@xing.com,Female,Portugal
241,Liza,Guerri,lguerri6o@zdnet.com,Female,Indonesia
242,Shena,Reinhardt,sreinhardt6p@usatoday.com,Female,Portugal
243,Daloris,Clift,dclift6q@fc2.com,Genderqueer,Russia
244,Errick,Sterzaker,esterzaker6r@quantcast.com,Male,Japan
245,Karly,Potzold,kpotzold6s@taobao.com,Female,China
246,Rani,Ghio,,Bigender,
247,Tracie,Correa,tcorrea6u@slideshare.net,Female,Portugal
248,Obie,Otridge,,Male,
249,Kaylee,Normandale,,Female,
250,Daniele,Brockbank,dbrockbank6x@live.com,Female,Panama
251,Kori,Tideswell,ktideswell6y@guardian.co.uk,Female,Chile
252,Jorie,Sweed,jsweed6z@bluehost.com,Female,Iran
253,Jasmin,McGrale,jmcgrale70@ovh.net,Female,Argentina
254,Billy,Gheeorghie,bgheeorghie71@hugedomains.com,Female,Syria
255,Hasheem,Marran,hmarran72@comcast.net,Male,Sweden
256,Woody,Nestor,wnestor73@squidoo.com,Agender,Chile
257,Marlyn,Waywell,mwaywell74@dedecms.com,Female,Russia
258,Whitby,MacCaughan,,Male,
259,Creigh,Eakens,ceakens76@purevolume.com,Male,Azerbaijan
260,Lanita,Featherstonhaugh,lfeatherstonhaugh77@weather.com,Female,China
261,Tomasina,Millsap,tmillsap78@yolasite.com,Agender,China
262,Piggy,Hemshall,phemshall79@ibm.com,Male,Yemen
263,Ricoriki,Constable,rconstable7a@latimes.com,Male,China
264,Lanie,Napton,lnapton7b@ibm.com,Female,Argentina
265,Lowell,Fick,lfick7c@ustream.tv,Male,Portugal
266,Reuven,Haddleton,rhaddleton7d@ow.ly,Male,Guatemala
267,Marylin,Dumingo,,Genderfluid,
268,Caren,Coetzee,ccoetzee7f@japanpost.jp,Female,Honduras
269,Salomo,Brandom,sbrandom7g@wisc.edu,Male,China
270,Michail,McDarmid,mmcdarmid7h@nyu.edu,Male,China
271,Nollie,Copelli,ncopelli7i@sfgate.com,Male,Greece
272,Cleopatra,Walwood,cwalwood7j@homestead.com,Female,Malaysia
273,Shannen,Guillon,sguillon7k@elegantthemes.com,Female,Vietnam
274,Farly,Aubrun,faubrun7l@un.org,Male,China
275,Clo,Pinks,cpinks7m@ask.com,Genderqueer,Israel
276,Ondrea,Keaves,okeaves7n@tamu.edu,Female,Greece
277,Rowena,Aleevy,raleevy7o@theglobeandmail.com,Female,China
278,Morry,Provis,,Male,
279,Hamel,De Bernardis,hdebernardis7q@ocn.ne.jp,Male,Mongolia
280,Wain,Pratt,wpratt7r@g.co,Polygender,Philippines
281,Huntlee,Cranmore,hcranmore7s@globo.com,Male,China
282,Mirella,Linzey,mlinzey7t@behance.net,Female,Uganda
283,Ruttger,Dudson,,Male,
284,Arv,Parley,aparley7v@prnewswire.com,Male,Taiwan
285,Rorke,Fleay,rfleay7w@patch.com,Male,Indonesia
286,Frank,Mapowder,fmapowder7x@businesswire.com,Female,Brazil
287,Hamnet,Jore,hjore7y@europa.eu,Male,Philippines
288,Lola,Durie,ldurie7z@dell.com,Female,Thailand
289,Thorny,Claypoole,tclaypoole80@spiegel.de,Male,Mexico
290,Jacquelyn,Caller,jcaller81@ebay.co.uk,Agender,Philippines
291,Bing,Kristiansen,bkristiansen82@ning.com,Male,China
292,Kelly,McAloren,kmcaloren83@ted.com,Male,China
293,Margaretha,Cranny,mcranny84@gnu.org,Female,Cameroon
294,Fee,Dumelow,fdumelow85@joomla.org,Male,Poland
295,Dyane,Pocklington,dpocklington86@lycos.com,Non-binary,Peru
296,Lainey,Cellier,lcellier87@abc.net.au,Agender,Indonesia
297,Nora,Minney,nminney88@hhs.gov,Female,Portugal
298,Claudine,Broader,cbroader89@addtoany.com,Female,Suriname
299,Kimbell,Loades,kloades8a@usnews.com,Male,China
300,Emmaline,Heckney,eheckney8b@angelfire.com,Female,Philippines
301,Laina,Espinho,lespinho8c@mit.edu,Female,China
302,Alaric,Delnevo,adelnevo8d@sphinn.com,Male,Afghanistan
303,Silvio,Boshard,sboshard8e@pbs.org,Male,France
304,Fernando,Blissitt,fblissitt8f@shop-pro.jp,Male,Ireland
305,Derek,Ryce,dryce8g@etsy.com,Male,Mexico
306,Abby,Dunrige,adunrige8h@earthlink.net,Male,China
307,Derrick,Wailes,,Male,
308,Osbourne,Jorger,ojorger8j@discovery.com,Male,China
309,Norbert,Pheby,npheby8k@example.com,Male,Peru
310,Sayres,Chomiszewski,schomiszewski8l@a8.net,Male,Philippines
311,Mariejeanne,Coalbran,mcoalbran8m@bing.com,Female,Indonesia
312,Purcell,Douche,pdouche8n@homestead.com,Male,Sweden
313,Nicolis,Jost,njost8o@angelfire.com,Male,Ivory Coast
314,Zedekiah,Gunton,zgunton8p@opera.com,Male,Indonesia
315,Reena,Andrag,randrag8q@list-manage.com,Female,China
316,Louie,Ramsell,lramsell8r@jalbum.net,Male,Lebanon
317,Peter,Arnson,parnson8s@eepurl.com,Male,Poland
318,Eziechiele,Tocknell,etocknell8t@lulu.com,Male,Chile
319,Xever,Matiashvili,xmatiashvili8u@digg.com,Male,China
320,Connie,Salan,csalan8v@cnbc.com,Female,Madagascar
321,Brewer,Shearer,bshearer8w@umn.edu,Male,Kenya
322,Nicky,Verbrugge,nverbrugge8x@prlog.org,Male,Russia
323,Cale,Domeney,cdomeney8y@msu.edu,Male,Thailand
324,Adolphe,Spriggs,aspriggs8z@seesaa.net,Male,Russia
325,Vasilis,Klimpt,vklimpt90@unesco.org,Male,China
326,Baxie,Grahamslaw,bgrahamslaw91@mapy.cz,Male,Indonesia
327,Ailbert,Oldham,aoldham92@sina.com.cn,Male,Iran
328,Dulcy,Guillard,dguillard93@google.de,Agender,Brazil
329,Donia,Cronshaw,dcronshaw94@go.com,Female,Portugal
330,Daile,MacPadene,,Female,
331,Carole,Mucillo,cmucillo96@bbb.org,Female,Poland
332,Sanderson,Edgeon,sedgeon97@youku.com,Male,Portugal
333,Babara,Ygou,bygou98@theatlantic.com,Female,Portugal
334,Tito,Govern,,Male,
335,Brandtr,Crotty,bcrotty9a@unicef.org,Male,Indonesia
336,Cecily,Iltchev,ciltchev9b@slideshare.net,Female,Indonesia
337,Dino,Grinikhinov,,Male,
338,Trixie,McMurdo,tmcmurdo9d@marriott.com,Female,China
339,Cloris,Taks,ctaks9e@desdev.cn,Female,France
340,Page,Mothersdale,pmothersdale9f@parallels.com,Female,France
341,Kylie,Blatcher,kblatcher9g@goo.ne.jp,Female,Lebanon
342,Cecelia,Plumridege,cplumridege9h@bing.com,Female,Russia
343,Brandea,Jaqueme,,Female,
344,Carlyn,Yanne,cyanne9j@lycos.com,Female,Russia
345,Dollie,MacNeely,dmacneely9k@imgur.com,Genderfluid,Russia
346,Mitchell,Szymczyk,mszymczyk9l@npr.org,Male,Indonesia
347,Erika,Veart,eveart9m@npr.org,Female,Poland
348,Deborah,Pellant,dpellant9n@wufoo.com,Female,Sudan
349,Zackariah,Harriagn,zharriagn9o@bloglovin.com,Male,Sweden
350,Staffard,Rockell,srockell9p@hugedomains.com,Male,Sweden
351,Worth,Cromarty,wcromarty9q@mapquest.com,Male,Honduras
352,Zelda,Handyside,zhandyside9r@sun.com,Female,Portugal
353,Allix,MacKereth,amackereth9s@yandex.ru,Female,Sweden
354,Winn,Zanotti,wzanotti9t@xing.com,Male,Macedonia
355,Boony,Dallemore,bdallemore9u@booking.com,Male,Indonesia
356,Marin,Brownhall,mbrownhall9v@unc.edu,Female,China
357,Odille,Lowensohn,olowensohn9w@sitemeter.com,Polygender,Japan
358,Meriel,Crame,mcrame9x@jimdo.com,Female,China
359,Corbett,Caple,ccaple9y@goodreads.com,Male,China
360,Horatia,Tutchings,htutchings9z@washington.edu,Female,China
361,Ynez,Axell,yaxella0@qq.com,Female,Indonesia
362,Kippy,Neasam,kneasama1@dyndns.org,Female,China
363,Rutter,Saker,rsakera2@weibo.com,Male,Indonesia
364,Stephen,Riddell,sriddella3@spiegel.de,Male,Thailand
365,Eustace,Knapton,eknaptona4@samsung.com,Male,Czech Republic
366,Garth,Magarrell,gmagarrella5@deliciousdays.com,Agender,Indonesia
367,Andra,Guard,aguarda6@drupal.org,Female,Poland
368,Zia,Bakeup,zbakeupa7@deliciousdays.com,Female,Argentina
369,Cybill,Coots,ccootsa8@gov.uk,Female,Japan
370,Joel,Kewish,jkewisha9@vinaora.com,Male,Trinidad and Tobago
371,Anstice,Shaughnessy,ashaughnessyaa@tripadvisor.com,Female,Finland
372,Shelton,Jullian,sjullianab@arstechnica.com,Male,Malaysia
373,Shae,Greste,sgresteac@princeton.edu,Male,China
374,Jenni,Donald,jdonaldad@netvibes.com,Female,China
375,Kesley,Degue,kdegueae@rakuten.co.jp,Female,China
376,Jeno,Barrus,jbarrusaf@cnbc.com,Male,Canada
377,Hermie,Downton,hdowntonag@123-reg.co.uk,Male,Ethiopia
378,Marney,Flinn,mflinnah@godaddy.com,Female,China
379,Markus,Augar,maugarai@ucla.edu,Male,Tanzania
380,Percy,Hamsson,phamssonaj@illinois.edu,Male,China
381,Demetre,Chatel,dchatelak@naver.com,Male,Sweden
382,Carina,Calliss,ccallissal@furl.net,Female,Burkina Faso
383,Lelia,Wasielewicz,,Female,
384,Truda,Blanche,tblanchean@telegraph.co.uk,Female,Russia
385,Tristam,Dukesbury,tdukesburyao@businessinsider.com,Male,Dominican Republic
386,Di,O'Heffernan,doheffernanap@blog.com,Female,Indonesia
387,Valli,Bootman,vbootmanaq@theguardian.com,Genderqueer,United States
388,Filbert,Scrivinor,fscrivinorar@amazon.de,Male,Indonesia
389,Merla,Sizeland,msizelandas@whitehouse.gov,Female,Philippines
390,Dolley,Ivoshin,divoshinat@wunderground.com,Genderqueer,Belarus
391,Cello,Farncomb,cfarncombau@reddit.com,Genderfluid,Haiti
392,Heath,Hatley,hhatleyav@naver.com,Male,China
393,Mufinella,Oret,moretaw@shop-pro.jp,Female,China
394,Darn,Burchnall,dburchnallax@npr.org,Male,Samoa
395,Devlen,Fisher,dfisheray@vinaora.com,Polygender,Philippines
396,Zachery,Windless,zwindlessaz@umich.edu,Genderfluid,Philippines
397,Jeremiah,Stocks,jstocksb0@ucoz.com,Male,Czech Republic
398,Micah,Yglesia,myglesiab1@nsw.gov.au,Male,Indonesia
399,Aubrie,Bixley,abixleyb2@fotki.com,Genderqueer,Russia
400,Lennie,Arnold,larnoldb3@people.com.cn,Male,China
401,Braden,Futcher,bfutcherb4@unblog.fr,Male,Myanmar
402,Kerr,Culleton,,Male,
403,Lorain,Wilkinson,lwilkinsonb6@1und1.de,Female,Ukraine
404,Sonny,O'Cullen,socullenb7@statcounter.com,Male,Japan
405,Cloe,Worvill,cworvillb8@cdc.gov,Female,Malta
406,Loydie,Hurtic,lhurticb9@pbs.org,Male,Indonesia
407,Mara,Littrell,mlittrellba@eepurl.com,Female,China
408,Symon,Knoles,sknolesbb@house.gov,Genderqueer,Russia
409,Jarib,Muzzlewhite,jmuzzlewhitebc@walmart.com,Male,Brazil
410,Erin,Posten,epostenbd@mtv.com,Genderfluid,Czech Republic
411,Jo ann,Patron,jpatronbe@g.co,Female,Peru
412,Shandy,Lawman,slawmanbf@bloglovin.com,Female,Cuba
413,Dulci,Dauber,,Female,
414,Peadar,Caulkett,pcaulkettbh@unc.edu,Male,China
415,Brendan,Desporte,,Male,
416,Jorey,Trimbey,jtrimbeybj@hatena.ne.jp,Female,Indonesia
417,Tabatha,Claxson,tclaxsonbk@jugem.jp,Female,China
418,Pablo,Beernaert,pbeernaertbl@mapy.cz,Male,Philippines
419,Felicity,Fenich,ffenichbm@cnet.com,Female,Panama
420,Casi,Robbeke,crobbekebn@wix.com,Female,China
421,Yolane,Edds,yeddsbo@abc.net.au,Non-binary,Indonesia
422,Arthur,Archibold,aarchiboldbp@addthis.com,Male,Sri Lanka
423,Lorant,Domsalla,ldomsallabq@who.int,Male,Portugal
424,Krysta,Hambright,khambrightbr@sbwire.com,Genderqueer,China
425,Edmon,Shama,eshamabs@pinterest.com,Male,Finland
426,Svend,Bristowe,,Male,
427,Graehme,Pyrah,gpyrahbu@stanford.edu,Male,Thailand
428,Layne,Lechelle,llechellebv@netlog.com,Female,Bangladesh
429,Aigneis,Jorioz,ajoriozbw@intel.com,Female,Brazil
430,Zitella,Toller,ztollerbx@blog.com,Female,Malaysia
431,Cynthia,Cassley,ccassleyby@angelfire.com,Female,South Korea
432,Robert,Biasioli,rbiasiolibz@naver.com,Male,Thailand
433,Ximenez,Broadfoot,xbroadfootc0@netvibes.com,Male,Vietnam
434,Idette,Bearns,ibearnsc1@howstuffworks.com,Female,Kyrgyzstan
435,Wilona,Ballaam,wballaamc2@php.net,Female,Uruguay
436,Abrahan,Crangle,acranglec3@woothemes.com,Non-binary,China
437,Collette,Brazelton,cbrazeltonc4@issuu.com,Female,China
438,Lon,Gamage,lgamagec5@lycos.com,Male,China
439,Randall,Byham,rbyhamc6@stumbleupon.com,Male,Colombia
440,Donelle,Lamps,dlampsc7@goo.ne.jp,Female,Poland
441,Tanney,Nabarro,,Male,
442,Corry,Farden,cfardenc9@twitter.com,Female,China
443,Aubrey,Gotfrey,agotfreyca@google.nl,Male,Indonesia
444,Patin,Presho,ppreshocb@eepurl.com,Male,Peru
445,Onofredo,Chart,,Male,
446,Haslett,Thebeau,hthebeaucd@cargocollective.com,Male,Panama
447,Shepperd,Peffer,,Male,
448,Hyacinthie,Avrahamof,,Female,
449,Phil,Castellini,,Male,
450,Alvis,Atherley,,Male,
451,Glendon,Lyngsted,,Male,
452,Corilla,Clemencet,cclemencetcj@nbcnews.com,Female,Mayotte
453,Jolyn,Chagg,jchaggck@dyndns.org,Female,Spain
454,Herc,Georgeot,hgeorgeotcl@squarespace.com,Bigender,China
455,Towney,McCaighey,tmccaigheycm@deliciousdays.com,Male,Indonesia
456,Lauretta,Noller,lnollercn@umich.edu,Female,Peru
457,Vita,Tenman,,Female,
458,Lynett,Cornes,lcornescp@cnet.com,Genderfluid,China
459,Gisele,Clayworth,,Female,
460,Clevie,Austing,caustingcr@alexa.com,Male,China
461,Corby,Seamans,cseamanscs@edublogs.org,Male,Thailand
462,Ellsworth,Oxford,eoxfordct@tiny.cc,Male,Peru
463,Freddy,O'Skehan,foskehancu@msu.edu,Female,China
464,Willyt,Wilcocks,wwilcockscv@yandex.ru,Female,China
465,Marthe,Creeboe,mcreeboecw@weebly.com,Female,Poland
466,Modestia,McBratney,mmcbratneycx@angelfire.com,Female,Portugal
467,Jeniece,Gilham,jgilhamcy@cnn.com,Female,Indonesia
468,Geneva,Lever,glevercz@newsvine.com,Female,Indonesia
469,Bernadine,Klewi,,Female,
470,Ansel,Risdale,arisdaled1@moonfruit.com,Male,Japan
471,Vincent,Glasscoe,vglasscoed2@canalblog.com,Male,Philippines
472,Hortensia,Gianotti,hgianottid3@berkeley.edu,Female,Vietnam
473,Sheri,Gruby,,Female,
474,Elberta,McGarrity,emcgarrityd5@domainmarket.com,Female,Thailand
475,Emanuel,Ramm,erammd6@tmall.com,Male,Ukraine
476,Stanfield,Sarton,ssartond7@mysql.com,Genderqueer,Philippines
477,Dionysus,Rodger,drodgerd8@cpanel.net,Male,China
478,Annice,Gowdie,agowdied9@chron.com,Female,Madagascar
479,Jillene,Pendlebury,jpendleburyda@yahoo.co.jp,Female,Gambia
480,Annelise,Caudrelier,acaudrelierdb@webmd.com,Female,Portugal
481,Gloriana,Zolini,gzolinidc@cocolog-nifty.com,Female,United States
482,Boris,Bullas,bbullasdd@squarespace.com,Male,China
483,Mechelle,Nudd,mnuddde@fotki.com,Female,Portugal
484,Vitia,Wormald,vwormalddf@chron.com,Female,Brazil
485,Marylin,Franzke,mfranzkedg@howstuffworks.com,Polygender,Finland
486,Erica,Glossup,eglossupdh@economist.com,Female,Indonesia
487,Abe,Carleman,acarlemandi@nydailynews.com,Male,China
488,Yale,Moles,ymolesdj@youtube.com,Male,Iran
489,Beaufort,Mayhead,bmayheaddk@printfriendly.com,Male,Indonesia
490,Gerard,Stapele,gstapeledl@chron.com,Male,Indonesia
491,Sari,Grogor,sgrogordm@bluehost.com,Female,Indonesia
492,Georgianna,Twigley,gtwigleydn@indiatimes.com,Female,Poland
493,Erik,Prodrick,eprodrickdo@sitemeter.com,Male,Thailand
494,Dyanne,Grinston,,Female,
495,Celinda,Sommer,csommerdq@squidoo.com,Female,Philippines
496,Eugenio,Westwater,,Male,
497,Quinn,Shoesmith,qshoesmithds@wordpress.org,Male,Honduras
498,Bondy,Yeell,byeelldt@odnoklassniki.ru,Male,China
499,Eddy,Lothean,elotheandu@flickr.com,Male,Honduras
500,Valene,Wallsam,vwallsamdv@1688.com,Female,Egypt
501,Lindsey,Palay,lpalaydw@ezinearticles.com,Male,Thailand
502,Mikaela,Rumbellow,mrumbellowdx@economist.com,Female,Chad
503,Mordecai,Duplock,mduplockdy@nps.gov,Male,Portugal
504,Auberon,Headrick,aheadrickdz@bigcartel.com,Male,Indonesia
505,Faustina,Horick,fhoricke0@google.ca,Female,Greece
506,Clemmie,Throssell,cthrosselle1@adobe.com,Female,Indonesia
507,Kin,Patrickson,kpatricksone2@google.cn,Male,Kazakhstan
508,Ailsun,Kynson,akynsone3@ning.com,Female,China
509,Nicko,McArtan,,Male,
510,Carce,Dimmock,cdimmocke5@mtv.com,Male,Ethiopia
511,Duane,Salerg,,Male,
512,Zared,Elwin,zelwine7@domainmarket.com,Male,Philippines
513,Margeaux,Kropach,,Female,
514,Bernardine,Wakefield,bwakefielde9@bizjournals.com,Female,United States
515,Karina,Minihan,kminihanea@ifeng.com,Female,Thailand
516,Christophe,Alben,calbeneb@imdb.com,Male,Russia
517,Lacee,MacSwayde,lmacswaydeec@mlb.com,Female,Poland
518,Reeva,Tilbey,rtilbeyed@typepad.com,Female,China
519,Alleyn,Simants,,Male,
520,Beaufort,Coultar,,Male,
521,Dorian,Mattingley,dmattingleyeg@unc.edu,Male,Sweden
522,Whitman,De Maine,wdemaineeh@patch.com,Male,Brazil
523,Shandra,Dietz,,Female,
524,Liz,Bergstram,,Female,
525,Gaile,Swine,gswineek@nydailynews.com,Genderfluid,Ukraine
526,Marcela,Yair,myairel@theatlantic.com,Female,Qatar
527,Shelia,Gosnay,sgosnayem@linkedin.com,Female,"Bonaire, Saint Eustatius and Saba "
528,Pamella,Truckell,ptruckellen@hhs.gov,Female,China
529,Gerhard,Ughi,gughieo@biblegateway.com,Male,China
530,Drucie,Halms,dhalmsep@intel.com,Female,North Korea
531,Irina,Achurch,iachurcheq@linkedin.com,Female,Uruguay
532,Uriel,Unitt,uunitter@amazonaws.com,Male,Portugal
533,Clementina,Windaybank,cwindaybankes@usa.gov,Female,China
534,Anita,Merredy,,Female,
535,Tyson,Rushmer,trushmereu@opensource.org,Male,El Salvador
536,Andra,O'Dyvoie,,Female,
537,Cheston,Gatcliff,cgatcliffew@samsung.com,Male,Cameroon
538,Arlinda,Matous,amatousex@typepad.com,Female,Czech Republic
539,Victoria,Embling,vemblingey@comcast.net,Female,Poland
540,Rafaelia,Yegoshin,,Female,
541,Ruth,Vakhlov,rvakhlovf0@printfriendly.com,Non-binary,Indonesia
542,Toby,Cowins,,Female,
543,Casandra,Taborre,ctaborref2@parallels.com,Female,Poland
544,Oralle,McCarroll,omccarrollf3@usda.gov,Female,Ukraine
545,Clerc,Harmson,charmsonf4@sogou.com,Male,Brazil
546,Eugenio,Ribbens,eribbensf5@wikispaces.com,Male,Indonesia
547,Shaine,Edmondson,sedmondsonf6@hud.gov,Female,Poland
548,Emalia,Parham,eparhamf7@paypal.com,Female,Syria
549,Hilly,Cubbin,hcubbinf8@sphinn.com,Genderqueer,Thailand
550,Deane,Brower,dbrowerf9@theglobeandmail.com,Male,Brazil
551,Alexandros,Matijevic,amatijevicfa@php.net,Male,Argentina
552,Ceciley,Woodes,,Bigender,
553,Stacie,Ellum,,Polygender,
554,Cyrill,Stille,cstillefd@adobe.com,Male,Philippines
555,Cleavland,Tissell,ctissellfe@guardian.co.uk,Male,Vietnam
556,Brooks,Sebley,bsebleyff@cbc.ca,Male,Libya
557,Evelyn,Barstow,ebarstowfg@last.fm,Male,Czech Republic
558,Markus,Bosch,mboschfh@sourceforge.net,Male,Indonesia
559,Winnah,Hanfrey,whanfreyfi@forbes.com,Female,Portugal
560,Jeremias,Seville,jsevillefj@blinklist.com,Male,Philippines
561,Isabeau,Robers,irobersfk@blog.com,Female,Russia
562,Juliane,Hebson,jhebsonfl@japanpost.jp,Bigender,Estonia
563,Dalli,De Vaar,ddevaarfm@bandcamp.com,Male,Poland
564,Saxon,Dell'Abbate,,Male,
565,Muhammad,Challicombe,mchallicombefo@dagondesign.com,Male,Morocco
566,Johan,Boston,jbostonfp@slate.com,Male,Pakistan
567,Pepito,Keavy,,Male,
568,Angelika,Rivlin,,Female,
569,Maxie,Coltart,mcoltartfs@163.com,Female,Poland
570,Morgen,Alexsandrov,malexsandrovft@gnu.org,Male,Russia
571,Lynelle,Bye,lbyefu@wufoo.com,Female,China
572,Fern,Forestel,fforestelfv@clickbank.net,Female,Ecuador
573,Roselin,De Hooch,rdehoochfw@ow.ly,Female,China
574,Merilee,Hanbury-Brown,mhanburybrownfx@weather.com,Female,China
575,Merralee,Antoniou,mantonioufy@xing.com,Female,China
576,Kally,Dineges,kdinegesfz@a8.net,Polygender,Colombia
577,Kalli,Giovannacc@i,kgiovannaccig0@over-blog.com,Female,Vietnam
578,Izabel,Baudet,ibaudetg1@devhub.com,Female,Indonesia
579,Clio,McMurraya,cmcmurrayag2@live.com,Female,Ukraine
580,Pauly,Sygroves,,Male,
581,Eldin,Temperley,etemperleyg4@sbwire.com,Male,France
582,Linzy,Maclaine,lmaclaineg5@ibm.com,Female,Portugal
583,Linus,Puttergill,lputtergillg6@nydailynews.com,Male,Brazil
584,Saundra,Plimmer,splimmerg7@lulu.com,Genderfluid,Bosnia and Herzegovina
585,Chickie,Crucitti,ccrucittig8@springer.com,Female,Nicaragua
586,Zollie,Speck,,Male,
587,Wilhelm,Archdeckne,warchdecknega@bbc.co.uk,Male,Indonesia
588,Olly,Nowell,,Female,
589,Eleonore,Arp,earpgc@cpanel.net,Female,Canada
590,Sibbie,Causley,,Female,
591,Dionysus,Josipovitz,djosipovitzge@yandex.ru,Male,China
592,Bartolemo,Cafe,bcafegf@gov.uk,Male,Colombia
593,Collette,Klebes,cklebesgg@soundcloud.com,Female,Palestinian Territory
594,Eilis,Curtayne,ecurtaynegh@jalbum.net,Female,Brazil
595,Blanche,Meates,bmeatesgi@reuters.com,Female,Argentina
596,Rutledge,Dawton,rdawtongj@msu.edu,Male,North Korea
597,Aubrie,Sulter,asultergk@wisc.edu,Bigender,Saudi Arabia
598,Tracy,Ledingham,tledinghamgl@ucoz.ru,Female,Indonesia
599,Emmeline,Boles,ebolesgm@utexas.edu,Female,Germany
600,Ailis,Clulow,aclulowgn@nifty.com,Female,Serbia
601,Thorin,Mewha,tmewhago@g.co,Genderfluid,Poland
602,Cornelius,Jackman,cjackmangp@ning.com,Male,Indonesia
603,Rossie,Raeburn,rraeburngq@fotki.com,Male,China
604,Obadiah,Laphorn,olaphorngr@arstechnica.com,Male,Guatemala
605,Olimpia,Arro,oarrogs@unblog.fr,Female,Falkland Islands
606,Garland,Shirtcliffe,gshirtcliffegt@apache.org,Female,Greece
607,Darren,Macellar,dmacellargu@phoca.cz,Male,Indonesia
608,Doll,Gresley,dgresleygv@weather.com,Female,China
609,Demetria,Burdis,dburdisgw@unc.edu,Female,Portugal
610,Rodi,Treske,,Female,
611,Johnathan,Pyke,,Male,
612,Xylia,Butcher,xbutchergz@i2i.jp,Female,Japan
613,Kalila,Bole,kboleh0@php.net,Female,Indonesia
614,Lainey,Broadwell,lbroadwellh1@csmonitor.com,Female,Armenia
615,Inger,MacIver,,Female,
616,Sunshine,Mattusevich,smattusevichh3@blogger.com,Female,China
617,Lodovico,Trobridge,ltrobridgeh4@ucla.edu,Male,Indonesia
618,Consolata,Dimmock,cdimmockh5@g.co,Female,Greece
619,Nessa,Bunker,,Female,
620,Lovell,Kareman,lkaremanh7@harvard.edu,Male,Indonesia
621,Ofella,Gayther,ogaytherh8@digg.com,Non-binary,Indonesia
622,Karole,Huckett,khucketth9@posterous.com,Female,Poland
623,Reeba,Serrier,rserrierha@bing.com,Female,Japan
624,Enriqueta,Bernhardsson,ebernhardssonhb@icq.com,Female,Greece
625,Horace,Leathes,hleatheshc@domainmarket.com,Male,Portugal
626,Melany,Anstiss,manstisshd@privacy.gov.au,Female,Morocco
627,Di,Jenteau,djenteauhe@networkadvertising.org,Female,Ukraine
628,Micky,Alliston,mallistonhf@hugedomains.com,Male,Portugal
629,Holly-anne,Rattenbury,hrattenburyhg@noaa.gov,Female,Czech Republic
630,Allyn,Aisbett,aaisbetthh@time.com,Female,Russia
631,Silvanus,Pharrow,spharrowhi@geocities.jp,Male,China
632,Jasmine,Freckingham,jfreckinghamhj@unicef.org,Female,China
633,Aile,Pogg,apogghk@google.com.hk,Female,China
634,Whitney,Eagles,weagleshl@canalblog.com,Female,Honduras
635,Hank,Drysdell,hdrysdellhm@usatoday.com,Male,China
636,Morse,Chilley,mchilleyhn@slate.com,Male,China
637,Arty,Lillee,alilleeho@xrea.com,Male,China
638,Reid,Freddi,rfreddihp@lulu.com,Male,Poland
639,Bren,Rimour,brimourhq@addtoany.com,Female,China
640,Grata,Lowy,glowyhr@usgs.gov,Genderqueer,China
641,Meagan,Mac Geaney,mmacgeaneyhs@creativecommons.org,Female,Sweden
642,Greta,Rosenblum,,Female,
643,Tadio,Skitterel,tskitterelhu@youtu.be,Male,Indonesia
644,Sib,Trippick,strippickhv@about.com,Female,China
645,Kimbra,Clarkin,kclarkinhw@whitehouse.gov,Female,Portugal
646,Jan,Yakovich,jyakovichhx@alibaba.com,Female,China
647,Jerrie,Pfeuffer,jpfeufferhy@naver.com,Female,China
648,Batholomew,Oret,borethz@dell.com,Male,Nigeria
649,Roderick,McGillreich,rmcgillreichi0@howstuffworks.com,Male,United States
650,Lucien,Hassen,lhasseni1@godaddy.com,Male,Belarus
651,Corrina,Davenhall,cdavenhalli2@adobe.com,Bigender,Japan
652,Genovera,Jerratsch,gjerratschi3@vkontakte.ru,Female,United States
653,Kain,Bortolazzi,kbortolazzii4@ocn.ne.jp,Male,Armenia
654,Rosana,Bassil,rbassili5@cpanel.net,Genderfluid,Russia
655,Anna,MacFadzean,amacfadzeani6@answers.com,Female,Canada
656,Deeann,Goldring,dgoldringi7@google.ru,Female,China
657,Ambrosio,Hacquel,ahacqueli8@va.gov,Male,Poland
658,Kippy,Wyse,kwysei9@nationalgeographic.com,Male,Russia
659,Birdie,Duignan,,Non-binary,
660,Evvy,Graddon,egraddonib@unblog.fr,Female,China
661,Nadine,Isakovic,nisakovicic@vimeo.com,Female,Colombia
662,Tootsie,Keynd,tkeyndid@shareasale.com,Female,China
663,Binny,Manuello,bmanuelloie@bbb.org,Female,Indonesia
664,Shaylyn,Kornyshev,skornyshevif@mozilla.com,Non-binary,Indonesia
665,Daffie,Raxworthy,,Female,
666,Shelley,Chetter,schetterih@nasa.gov,Female,China
667,Fabio,Crosbie,fcrosbieii@theguardian.com,Male,Portugal
668,Freemon,Shackleton,fshackletonij@baidu.com,Male,Belarus
669,Odetta,Bunton,obuntonik@whitehouse.gov,Female,Portugal
670,Dorthy,Meagh,dmeaghil@nsw.gov.au,Female,Nigeria
671,Lodovico,Martynikhin,lmartynikhinim@delicious.com,Genderqueer,France
672,Helge,Fryett,hfryettin@creativecommons.org,Female,China
673,Isidro,McDougle,imcdougleio@home.pl,Male,Portugal
674,Geri,Siddeley,gsiddeleyip@blogs.com,Male,Poland
675,Jerrold,Van Ross,jvanrossiq@1und1.de,Male,United States
676,Hubey,Ockwell,hockwellir@whitehouse.gov,Male,Russia
677,Nyssa,Gracey,ngraceyis@cdc.gov,Female,Russia
678,Reuven,Wait,rwaitit@cbslocal.com,Male,Mongolia
679,Rudd,Tunbridge,rtunbridgeiu@digg.com,Male,Canada
680,Bertha,Ockenden,,Female,
681,Merla,Micheau,mmicheauiw@google.ca,Female,France
682,Farra,Linnell,flinnellix@spotify.com,Female,Sweden
683,Terese,Castillo,tcastilloiy@skyrock.com,Female,Russia
684,Mariann,Daborn,mdaborniz@pen.io,Female,Canada
685,Gan,Capnerhurst,gcapnerhurstj0@cdc.gov,Male,Iran
686,Geoffrey,Craker,gcrakerj1@ask.com,Male,Serbia
687,Damita,Gann,dgannj2@dagondesign.com,Female,China
688,Lorne,Steeden,,Male,
689,Hyatt,Silcox,hsilcoxj4@cafepress.com,Male,Argentina
690,Krysta,Novichenko,knovichenkoj5@nymag.com,Female,Netherlands
691,Shea,Treweek,streweekj6@wired.com,Male,Latvia
692,Bobby,Extance,bextancej7@mayoclinic.com,Female,China
693,Jecho,Kuhnhardt,jkuhnhardtj8@sciencedirect.com,Male,Pakistan
694,Godfree,Morrowe,gmorrowej9@cbslocal.com,Bigender,Russia
695,Frederich,Dobrowski,fdobrowskija@woothemes.com,Male,Philippines
696,Rodge,Hatchett,rhatchettjb@dell.com,Male,Japan
697,Alvy,Redholes,aredholesjc@blogger.com,Male,China
698,Jarret,Savin,jsavinjd@psu.edu,Male,Canada
699,Dulcinea,Ragles,draglesje@dagondesign.com,Female,Indonesia
700,Findlay,Steward,fstewardjf@chron.com,Male,Poland
701,Garth,Brown,gbrownjg@wunderground.com,Agender,China
702,Allister,Sellan,asellanjh@nationalgeographic.com,Male,China
703,Meredeth,Fraschini,,Male,
704,Trescha,Demange,tdemangejj@marketwatch.com,Female,Peru
705,Elsi,McIlraith,emcilraithjk@sogou.com,Female,Poland
706,Georgi,Sheryne,gsherynejl@oracle.com,Male,Czech Republic
707,Agneta,Alner,aalnerjm@xinhuanet.com,Female,Ireland
708,Morgun,Eberdt,meberdtjn@uol.com.br,Male,Indonesia
709,Frasco,Gergler,fgerglerjo@gizmodo.com,Genderqueer,Indonesia
710,Wadsworth,Roisen,wroisenjp@dyndns.org,Male,Sri Lanka
711,Tomkin,Fintoph,tfintophjq@cdbaby.com,Male,Indonesia
712,Annamarie,Levens,alevensjr@networksolutions.com,Female,China
713,Reece,O' Clovan,roclovanjs@etsy.com,Male,Sweden
714,Eduard,Rumke,erumkejt@wikimedia.org,Male,Ukraine
715,Byran,Emma,bemmaju@buzzfeed.com,Male,Mongolia
716,Elia,Jewett,ejewettjv@dailymail.co.uk,Male,Mexico
717,Gates,Mariet,gmarietjw@biglobe.ne.jp,Female,Indonesia
718,Danila,Benard,dbenardjx@amazonaws.com,Female,Ghana
719,Wynny,Budnik,wbudnikjy@weibo.com,Female,Belarus
720,Cherianne,Tranmer,ctranmerjz@ehow.com,Female,China
721,Barde,Sorbey,bsorbeyk0@hatena.ne.jp,Male,Ethiopia
722,Dolorita,L' Anglois,dlangloisk1@google.co.jp,Female,Philippines
723,Emelia,Pavelin,epavelink2@hexun.com,Female,Russia
724,Kaitlin,Woodthorpe,kwoodthorpek3@yahoo.co.jp,Female,France
725,Massimo,Briscam,mbriscamk4@hatena.ne.jp,Male,Indonesia
726,Sukey,Primett,sprimettk5@globo.com,Female,China
727,Michal,Salasar,msalasark6@unblog.fr,Male,Sweden
728,Pasquale,Jzak,pjzakk7@imgur.com,Genderfluid,Morocco
729,Jacques,Cran,jcrank8@zimbio.com,Male,Brazil
730,Vanya,Wesley,vwesleyk9@oakley.com,Male,China
731,Lauryn,Southerton,lsouthertonka@china.com.cn,Female,Poland
732,Jorrie,Knowles,,Female,
733,Greg,Ianizzi,gianizzikc@bing.com,Male,China
734,Burr,Posnett,bposnettkd@vistaprint.com,Male,Central African Republic
735,Mendie,Nijssen,mnijssenke@cocolog-nifty.com,Male,Venezuela
736,Cynthy,Royle,croylekf@multiply.com,Female,China
737,Arlyne,Dunklee,,Female,
738,Kass,Pursehouse,kpursehousekh@amazon.co.jp,Polygender,Argentina
739,Constantine,Tripean,ctripeanki@army.mil,Female,Mongolia
740,Quincey,Lennarde,qlennardekj@washington.edu,Male,Poland
741,Aaron,Grandison,,Male,
742,Nikolaos,Kibbel,nkibbelkl@51.la,Male,Moldova
743,Neddy,Despenser,ndespenserkm@youtu.be,Male,Ethiopia
744,Bernetta,Ochterlony,bochterlonykn@weebly.com,Female,Russia
745,Maurizia,Pencot,mpencotko@amazon.com,Female,China
746,Denny,Waugh,dwaughkp@51.la,Male,Poland
747,Wes,Bazely,wbazelykq@vkontakte.ru,Male,Sweden
748,Mallory,Gehringer,mgehringerkr@github.io,Male,Argentina
749,Sybila,Robens,srobensks@home.pl,Female,Vietnam
750,Trula,Craigs,tcraigskt@smugmug.com,Female,China
751,Morly,Wildbore,,Male,
752,Mac,McCraine,mmccrainekv@simplemachines.org,Male,China
753,Rosemary,Gorwood,rgorwoodkw@posterous.com,Female,Croatia
754,Sena,Olivas,solivaskx@fastcompany.com,Female,Russia
755,Marline,Bondy,mbondyky@ezinearticles.com,Female,Ethiopia
756,Claude,Danilchev,cdanilchevkz@washingtonpost.com,Female,China
757,Del,Pittman,,Female,
758,Kaylee,Jewitt,,Female,
759,Benoite,Verrell,bverrelll2@census.gov,Female,Indonesia
760,Karl,Cornthwaite,kcornthwaitel3@fda.gov,Male,Czech Republic
761,Linn,Capaldi,lcapaldil4@ibm.com,Female,Bolivia
762,Darcie,Ramsdale,dramsdalel5@soundcloud.com,Female,Norway
763,Mackenzie,Castellone,,Male,
764,Tybalt,Alvaro,talvarol7@twitter.com,Male,Thailand
765,Paco,Swalteridge,pswalteridgel8@dot.gov,Male,Sweden
766,Pam,Vuitton,pvuittonl9@edublogs.org,Female,Indonesia
767,Cob,Orta,cortala@timesonline.co.uk,Male,Colombia
768,Keefe,Schumacher,kschumacherlb@360.cn,Non-binary,China
769,Jacinthe,Godard,,Female,
770,Linc,Flattman,lflattmanld@spiegel.de,Male,Micronesia
771,Shayne,Batch,sbatchle@google.nl,Female,Peru
772,Emory,Champkins,,Male,
773,Joanie,Conisbee,jconisbeelg@nymag.com,Female,Russia
774,Delphine,La Batie,dlabatielh@redcross.org,Female,France
775,Gretal,Bickers,gbickersli@storify.com,Genderqueer,Argentina
776,Jerrilee,Wheelan,jwheelanlj@alibaba.com,Female,China
777,Brigitte,Meuse,bmeuselk@webs.com,Female,Sweden
778,Janeen,Haston,jhastonll@purevolume.com,Female,Belarus
779,Marlon,Allard,mallardlm@sbwire.com,Male,China
780,Upton,Frankcom,ufrankcomln@umich.edu,Male,Brazil
781,Emlyn,Algar,ealgarlo@buzzfeed.com,Male,Colombia
782,Westbrooke,Pohlke,wpohlkelp@simplemachines.org,Bigender,China
783,Sally,Synder,ssynderlq@skyrock.com,Bigender,Poland
784,Walliw,Cordes,wcordeslr@about.me,Female,Russia
785,Mimi,Ravenshaw,mravenshawls@chron.com,Female,Indonesia
786,Jacobo,Kment,jkmentlt@jimdo.com,Bigender,Vietnam
787,Harmonia,Roobottom,hroobottomlu@time.com,Female,Mexico
788,Lammond,Stinchcombe,,Male,
789,Freeland,Manville,fmanvillelw@barnesandnoble.com,Genderfluid,Uganda
790,Elijah,Benesevich,ebenesevichlx@newsvine.com,Male,Sweden
791,Sacha,Chrystal,schrystally@who.int,Female,Colombia
792,Bondy,Paramore,bparamorelz@upenn.edu,Male,Brazil
793,Cooper,Gilliatt,cgilliattm0@google.pl,Male,Thailand
794,Trever,Ruddoch,truddochm1@linkedin.com,Male,Venezuela
795,Cassi,Bettison,cbettisonm2@squarespace.com,Female,Colombia
796,Krystalle,Chaize,,Female,
797,Tiphany,Gave,tgavem4@paypal.com,Female,Japan
798,Yoshi,Nolder,,Female,
799,Arte,Jorgensen,ajorgensenm6@imageshack.us,Non-binary,Philippines
800,Vanna,Sustins,vsustinsm7@dedecms.com,Female,Canada
801,Chen,Mearns,cmearnsm8@123-reg.co.uk,Male,Indonesia
802,Johny,Pinches,jpinchesm9@sitemeter.com,Male,China
803,Rory,Keneleyside,rkeneleysidema@bluehost.com,Female,Philippines
804,Shandy,Gebby,sgebbymb@netvibes.com,Female,Lebanon
805,Hart,Moy,hmoymc@naver.com,Male,Malaysia
806,Berty,Grouse,bgrousemd@github.com,Female,Russia
807,Ulises,Sambath,usambathme@google.nl,Male,Bolivia
808,Rozanna,Vasilenko,rvasilenkomf@w3.org,Female,Indonesia
809,Diann,Vannini,dvanninimg@slate.com,Female,Chile
810,Padriac,Hunday,phundaymh@51.la,Male,China
811,Irene,Edgell,iedgellmi@jimdo.com,Female,United States
812,Derry,Granger,dgrangermj@fastcompany.com,Genderfluid,Nepal
813,Chiquia,Staniforth,cstaniforthmk@zdnet.com,Female,China
814,Adrienne,Haycraft,ahaycraftml@cornell.edu,Female,China
815,Rosmunda,Roggerone,rroggeronemm@google.ca,Female,Poland
816,Flem,Suttle,fsuttlemn@go.com,Male,Indonesia
817,Vinnie,Lambell,vlambellmo@google.pl,Female,China
818,Lockwood,Sommersett,lsommersettmp@stanford.edu,Male,Nigeria
819,Danielle,Rosenzwig,,Female,
820,Leila,Jeens,ljeensmr@about.me,Female,Indonesia
821,Merrill,Fawdery,mfawderyms@g.co,Female,China
822,Addie,Dowdle,adowdlemt@samsung.com,Female,Indonesia
823,Maximilian,Bingle,mbinglemu@nytimes.com,Male,Indonesia
824,Adella,Buxton,abuxtonmv@nifty.com,Polygender,Syria
825,Natasha,Edgler,nedglermw@cyberchimps.com,Bigender,Tanzania
826,Warden,Hrishchenko,whrishchenkomx@discovery.com,Male,Nigeria
827,Clay,MacDermid,cmacdermidmy@hexun.com,Male,Mexico
828,Justen,Scini,jscinimz@prlog.org,Male,China
829,Arri,Kilalea,akilalean0@dailymotion.com,Male,Indonesia
830,Moses,Blackborne,mblackbornen1@archive.org,Male,France
831,Webster,Maffia,wmaffian2@ezinearticles.com,Male,Cuba
832,Philipa,Webland,pweblandn3@mlb.com,Female,Afghanistan
833,Erik,Blanning,,Male,
834,Gnni,Diddams,gdiddamsn5@deviantart.com,Genderfluid,Brazil
835,Brendis,Clemot,bclemotn6@icio.us,Male,China
836,Korella,Hallyburton,khallyburtonn7@nhs.uk,Female,Zimbabwe
837,Bernarr,Roobottom,broobottomn8@tmall.com,Male,China
838,Dara,Cranshaw,,Female,
839,Alexandre,McGeachie,amcgeachiena@ning.com,Bigender,Indonesia
840,Madlin,Rodgers,mrodgersnb@issuu.com,Female,Thailand
841,Bendix,Deerness,bdeernessnc@newsvine.com,Male,Poland
842,Charlot,Gross,cgrossnd@biblegateway.com,Polygender,Croatia
843,Caroline,Kingswood,ckingswoodne@lycos.com,Female,China
844,Earlie,Petriello,epetriellonf@blinklist.com,Male,France
845,Vin,Lewer,,Male,
846,Trixi,Uff,tuffnh@dagondesign.com,Female,China
847,Dunn,Lathee,,Male,
848,Blisse,Amos,bamosnj@nps.gov,Female,Philippines
849,Noby,Masseo,nmasseonk@fastcompany.com,Male,Armenia
850,Brear,Clewlow,bclewlownl@hatena.ne.jp,Female,Serbia
851,Lem,Winspeare,lwinspearenm@shinystat.com,Male,Czech Republic
852,Karoline,Hugonin,khugoninnn@bizjournals.com,Female,France
853,Sarena,Bartzen,,Female,
854,Crista,Nordass,cnordassnp@so-net.ne.jp,Female,Philippines
855,Ronnie,Begent,rbegentnq@ocn.ne.jp,Male,United States
856,Lisbeth,Perritt,lperrittnr@clickbank.net,Female,China
857,Allayne,Leuchars,aleucharsns@illinois.edu,Male,Peru
858,Yehudi,Lowles,ylowlesnt@friendfeed.com,Male,China
859,Emory,Frankish,,Male,
860,Luella,Wreight,lwreightnv@list-manage.com,Female,China
861,Godart,Ibel,gibelnw@sun.com,Genderqueer,China
862,Liam,Baudinet,,Male,
863,Modestia,Lafuente,mlafuenteny@bizjournals.com,Female,Greece
864,Esma,Janaszewski,ejanaszewskinz@booking.com,Female,Egypt
865,Aldwin,Bes,abeso0@ebay.co.uk,Male,Brazil
866,Idell,Fuidge,ifuidgeo1@naver.com,Female,Kazakhstan
867,Lizabeth,Pridgeon,lpridgeono2@fotki.com,Genderqueer,Armenia
868,Bekki,Loalday,bloaldayo3@unicef.org,Female,Nigeria
869,Aldwin,Coneley,aconeleyo4@printfriendly.com,Male,China
870,Roxine,Batalini,rbatalinio5@dion.ne.jp,Female,Philippines
871,Pauli,Woolrich,pwoolricho6@toplist.cz,Female,China
872,Cleon,Delmonti,cdelmontio7@soup.io,Male,Sweden
873,Edmon,Mordan,emordano8@ed.gov,Male,Armenia
874,Mara,Catterall,mcatterallo9@flavors.me,Female,Nicaragua
875,Elvis,Catmull,ecatmulloa@goo.ne.jp,Male,Sweden
876,Albert,Bratten,abrattenob@paypal.com,Genderfluid,Indonesia
877,Sampson,MacTeague,smacteagueoc@1688.com,Male,Nigeria
878,Sinclair,MacSkeagan,smacskeaganod@mtv.com,Genderqueer,Bulgaria
879,Keir,Swalwel,kswalweloe@purevolume.com,Male,Cyprus
880,Ingram,Girardi,igirardiof@merriam-webster.com,Male,Nigeria
881,Tonya,Balcers,tbalcersog@goo.ne.jp,Female,Philippines
882,Alyda,Pilbury,apilburyoh@weibo.com,Female,Vietnam
883,Eugen,Culleford,,Male,
884,Jerome,Fetherston,jfetherstonoj@aol.com,Male,China
885,Rosabella,Pedersen,rpedersenok@cisco.com,Female,Peru
886,Lazare,Castagnet,lcastagnetol@theglobeandmail.com,Agender,China
887,Van,Funcheon,vfuncheonom@npr.org,Male,Syria
888,Lezlie,Durham,ldurhamon@lulu.com,Female,Canada
889,Binky,Jeens,bjeensoo@hp.com,Male,China
890,Bond,Kaplan,bkaplanop@craigslist.org,Male,Finland
891,Florinda,Andreichik,fandreichikoq@tamu.edu,Female,Russia
892,Constancy,Lockett,clockettor@ibm.com,Female,Japan
893,Billi,Mongin,bmonginos@xing.com,Female,Finland
894,Richmound,Bavidge,,Male,
895,Matteo,Tuddenham,mtuddenhamou@privacy.gov.au,Agender,Chile
896,Hillel,Mughal,hmughalov@over-blog.com,Male,Ecuador
897,Oralle,Luther,olutherow@seattletimes.com,Female,Portugal
898,Abelard,Pegrum,apegrumox@parallels.com,Male,Paraguay
899,Francis,Humphrey,fhumphreyoy@ucoz.com,Male,Philippines
900,Koralle,Dexter,kdexteroz@amazon.de,Female,China
901,Weber,Ravenshaw,wravenshawp0@barnesandnoble.com,Male,Vietnam
902,Paloma,Schleicher,,Female,
903,Crawford,Arrighetti,carrighettip2@xinhuanet.com,Male,Sweden
904,Willamina,Garber,wgarberp3@fotki.com,Female,Poland
905,Hedi,Odam,hodamp4@yahoo.co.jp,Female,Thailand
906,Camel,Rippingall,crippingallp5@nba.com,Female,Finland
907,Thatcher,Oxshott,toxshottp6@youtu.be,Non-binary,Brazil
908,Clarette,Monkleigh,cmonkleighp7@mapquest.com,Female,China
909,Axe,Tallow,atallowp8@tuttocitta.it,Male,France
910,Margie,Windows,,Female,
911,Lock,Bolden,lboldenpa@wikimedia.org,Male,China
912,Gaultiero,D'Elia,gdeliapb@washingtonpost.com,Male,Palestinian Territory
913,Janice,Harsant,jharsantpc@furl.net,Polygender,Russia
914,Tobie,Hirche,thirchepd@google.co.uk,Male,China
915,Donnamarie,Zealy,dzealype@soundcloud.com,Female,China
916,Yuma,Farrear,yfarrearpf@paypal.com,Male,Uzbekistan
917,Cobby,Havock,chavockpg@cbslocal.com,Male,Indonesia
918,Evelyn,Klaff,eklaffph@xinhuanet.com,Female,France
919,Dick,Josling,djoslingpi@parallels.com,Male,Philippines
920,Les,Gledhall,lgledhallpj@list-manage.com,Male,China
921,Carr,Borborough,cborboroughpk@digg.com,Male,Uganda
922,Tildie,Fernant,tfernantpl@usgs.gov,Female,China
923,Courtney,Christal,cchristalpm@prlog.org,Female,Tanzania
924,Cate,Lorent,clorentpn@sphinn.com,Female,Indonesia
925,Sandye,Malkinson,,Female,
926,Scottie,Castel,scastelpp@tumblr.com,Male,Mexico
927,Allin,Widdows,awiddowspq@abc.net.au,Male,Aland Islands
928,Darsey,Stanmore,dstanmorepr@discovery.com,Female,Nigeria
929,Kelly,Elsey,kelseyps@harvard.edu,Agender,Philippines
930,Catie,Avramovich,cavramovichpt@loc.gov,Bigender,Sweden
931,Charla,Bruhnke,cbruhnkepu@diigo.com,Female,Indonesia
932,Danyelle,Challens,dchallenspv@abc.net.au,Female,Colombia
933,Sadella,Jeens,sjeenspw@ted.com,Female,Mexico
934,Chase,Gaule,cgaulepx@loc.gov,Male,Malaysia
935,Lanie,Grishankov,lgrishankovpy@homestead.com,Female,China
936,Egbert,Wheldon,ewheldonpz@webeden.co.uk,Male,Bolivia
937,Lyon,Ferrick,lferrickq0@time.com,Male,Turkmenistan
938,Hardy,Kirvell,hkirvellq1@wikia.com,Male,Vietnam
939,Hilton,Craighill,hcraighillq2@cocolog-nifty.com,Male,Philippines
940,Hirsch,Lecky,hleckyq3@odnoklassniki.ru,Male,Chile
941,Christiana,Couves,ccouvesq4@technorati.com,Female,Russia
942,Boycey,Jacquest,bjacquestq5@deliciousdays.com,Male,China
943,Ravid,Collishaw,rcollishawq6@gizmodo.com,Male,Czech Republic
944,Kala,Kemson,kkemsonq7@cnet.com,Female,United States
945,Sallee,Clarricoates,sclarricoatesq8@mediafire.com,Female,Philippines
946,Ryun,Romme,rrommeq9@whitehouse.gov,Male,Peru
947,Keriann,Ollier,kollierqa@indiatimes.com,Female,France
948,Lindy,Mockler,lmocklerqb@bloglines.com,Male,Japan
949,Chrissy,Swafield,cswafieldqc@over-blog.com,Female,Russia
950,Ardine,Kibblewhite,akibblewhiteqd@bandcamp.com,Female,Poland
951,Felipa,Ollington,follingtonqe@opera.com,Female,China
952,Pascal,Larrett,plarrettqf@shutterfly.com,Male,China
953,Lukas,Chooter,lchooterqg@pagesperso-orange.fr,Bigender,China
954,Sander,Neubigin,sneubiginqh@addtoany.com,Male,Czech Republic
955,Vic,Haggie,vhaggieqi@prlog.org,Male,Papua New Guinea
956,Lenora,Schelle,lschelleqj@lycos.com,Female,China
957,Mahalia,Gronous,mgronousqk@usnews.com,Female,Bolivia
958,Shannon,Antonowicz,santonowiczql@spotify.com,Male,Poland
959,Lucita,Boichat,lboichatqm@barnesandnoble.com,Female,China
960,Rolland,Oxburgh,roxburghqn@europa.eu,Male,Indonesia
961,Rayner,Skamell,rskamellqo@hostgator.com,Male,Russia
962,Aldis,Osgordby,,Male,
963,Kort,Wadge,kwadgeqq@paginegialle.it,Male,Greece
964,Jere,Chalmers,,Female,
965,Allard,Fonquernie,,Male,
966,Modesta,Dowdam,mdowdamqt@surveymonkey.com,Polygender,China
967,Bentley,Morando,bmorandoqu@360.cn,Male,Indonesia
968,Zonda,Ohrtmann,zohrtmannqv@bbb.org,Female,Indonesia
969,Michal,Clash,,Female,
970,Philip,Wooldridge,,Male,
971,Niki,Challoner,nchallonerqy@addthis.com,Male,Kyrgyzstan
972,John,Old,joldqz@4shared.com,Polygender,Indonesia
973,Fredra,M'Barron,,Female,
974,Justen,Tamas,,Male,
975,Coralyn,Muro,cmuror2@xing.com,Female,Afghanistan
976,Hall,Sichardt,hsichardtr3@google.nl,Male,Japan
977,Horst,Crutcher,,Male,
978,Ernst,Flieger,efliegerr5@de.vu,Bigender,United States
979,Morgana,Brendish,,Non-binary,
980,Ethan,Holgan,eholganr7@mit.edu,Male,Poland
981,Karry,Healy,khealyr8@nih.gov,Female,Macedonia
982,Leonid,Dunstan,ldunstanr9@tumblr.com,Male,France
983,Marmaduke,Fincke,mfinckera@craigslist.org,Male,China
984,Matelda,Lawtey,mlawteyrb@unblog.fr,Female,China
985,Ernest,Earengey,,Male,
986,Britt,Van Velde,bvanvelderd@gravatar.com,Male,China
987,Gill,Joisce,gjoiscere@soup.io,Female,China
988,Tracy,Lawson,tlawsonrf@ftc.gov,Male,United States
989,Angus,Kendell,akendellrg@dropbox.com,Genderqueer,Vietnam
990,Katrina,Dowdeswell,kdowdeswellrh@typepad.com,Female,Peru
991,Desdemona,McTavish,dmctavishri@ed.gov,Female,Spain
992,Roobbie,Cavendish,rcavendishrj@mashable.com,Female,Chile
993,Hale,Landa,hlandark@examiner.com,Male,China
994,Sydney,Gaymer,sgaymerrl@nps.gov,Male,Pakistan
995,Monty,Noulton,mnoultonrm@pinterest.com,Male,South Africa
996,Ernest,Shildrake,eshildrakern@hibu.com,Male,Philippines
997,Nessy,Sone,nsonero@uol.com.br,Female,France
998,Milissent,Berney,mberneyrp@latimes.com,Polygender,Indonesia
999,Nap,Duplain,nduplainrq@aol.com,Male,Philippines
1000,Roz,Carbery,rcarberyrr@skyrock.com,Bigender,China
